{"cameraMode":{"drawMode":0,"name":"Shaded","section":"Shading Mode"},"sceneLighting":true,"audioPlay":false,"sceneViewState":{"m_AlwaysRefresh":false,"showFog":true,"showSkybox":true,"showFlares":true,"showImageEffects":true,"showParticleSystems":true,"showVisualEffectGraphs":true,"m_FxEnabled":true},"in2DMode":false,"pivot":{"x":0.1568760871887207,"y":-0.59908127784729,"z":10.280380249023438},"rotation":{"x":-0.11464884877204895,"y":0.12393607199192047,"z":-0.014417823404073716,"w":-0.9855449199676514},"size":7.339213848114014,"orthographic":false}