{"cameraMode":{"drawMode":0,"name":"Shaded","section":"Shading Mode"},"sceneLighting":true,"audioPlay":false,"sceneViewState":{"m_AlwaysRefresh":false,"showFog":true,"showSkybox":true,"showFlares":true,"showImageEffects":true,"showParticleSystems":true,"showVisualEffectGraphs":true,"m_FxEnabled":true},"in2DMode":false,"pivot":{"x":6.119035720825195,"y":0.8660264015197754,"z":6.886852264404297},"rotation":{"x":-0.1353927105665207,"y":-0.18696197867393495,"z":0.026023318991065027,"w":-0.9726573824882507},"size":12.064130783081055,"orthographic":false}